"cohort","auc"
"nh_white",0.929033904391386
"nh_black",0.915041216326372
"asian",0.885592258319925
"hispanic",0.966465134313591
"other",0.772097065684137
