"cohort","positive_likelihood_ratio"
"nh_white",3.2400449040156
"nh_black",24.5611468980899
"asian",79.0367454686871
"hispanic",33.1281265662596
"other",11.7611832276302
