"cohort","specificity"
"nh_white",0.704052757793765
"nh_black",0.978150971513727
"asian",0.992839275553695
"hispanic",0.974783117384215
"other",0.987891547594875
