"cohort","value"
"nh_white",0.779586784728173
"nh_black",4.21267454350161
"asian",1.3680766534237
"hispanic",1.02212728666886
"other",30.6779661016949
