"cohort","precision"
"nh_white",0.738265257545463
"nh_black",0.370569280343716
"asian",0.771675625146062
"hispanic",0.861540146784971
"other",0.203389830508475
