"cohort","avg_prob"
"nh_white",0.766603700383834
"nh_black",0.648180737111071
"asian",0.273955271009147
"hispanic",0.162497327811581
"other",0.66110139261287
