"cohort","recall"
"nh_white",0.946995603321935
"nh_black",0.0879653238143804
"asian",0.564058763238811
"hispanic",0.842889293752009
"other",0.00662983425414365
