"cohort","value"
"nh_white",2.82066205893052
"nh_black",0.588737201365188
"asian",3.37973387922211
"hispanic",6.22231012658228
"other",0.25531914893617
