"cohort","wavg_est_outcome"
"nh_white",9.9031703244402
"nh_black",8.60764747587946
"asian",8.50133629619915
"hispanic",6.13229489838021
"other",7.4082615024271
