"cohort","avg_prob"
"nh_white",0.822771659502566
"nh_black",0.426285274957739
"asian",0.236237379789522
"hispanic",0.134221628489343
"other",0.639371675764996
