"cohort","recall"
"nh_white",0.925705509694759
"nh_black",0.493539612376743
"asian",0.590567327409433
"hispanic",0.861009862778731
"other",0.0598747236551216
