"cohort","specificity"
"nh_white",0.680935251798561
"nh_black",0.965266234882788
"asian",0.991046410512416
"hispanic",0.967203116637417
"other",0.99462440285986
