"cohort","avg_est_outcome"
"nh_white",9.50975833947055
"nh_black",8.72160309299971
"asian",8.37259995601551
"hispanic",6.41545903451794
"other",8.02284928634003
