"cohort","precision"
"nh_white",0.816583437369954
"nh_black",0.768098308796691
"asian",0.832369942196532
"hispanic",0.884958264720913
"other",0.405561385099685
