"cohort","avg_prob"
"nh_white",0.889097140967422
"nh_black",0.374943485904147
"asian",0.251071975742162
"hispanic",0.166447931639385
"other",0.565941042846988
