"cohort","recall"
"nh_white",0.958882353967783
"nh_black",0.536637198231894
"asian",0.56596035543404
"hispanic",0.83538807890223
"other",0.14240972733972
