"cohort","auc"
"nh_white",0.877241953733611
"nh_black",0.892269680604896
"asian",0.902996248961894
"hispanic",0.963691526881813
"other",0.636982263666438
