"cohort","avg_est_outcome"
"nh_white",9.48480635741354
"nh_black",8.89399416459655
"asian",8.44281566280019
"hispanic",6.52732206819059
"other",8.43343465919607
