"cohort","positive_likelihood_ratio"
"nh_white",2.90130926375584
"nh_black",14.2092171899951
"asian",65.9587228371777
"hispanic",26.2527952202017
"other",11.1382460579192
