"cohort","precision"
"nh_white",0.799463427133103
"nh_black",0.657084653689452
"asian",0.805594405594406
"hispanic",0.859075836987913
"other",0.392512077294686
