"cohort","value"
"nh_white",0.958602730479922
"nh_black",1.13291321192095
"asian",1.18869939403127
"hispanic",0.983008416493744
"other",1.09876655021684
