"cohort","auc"
"nh_white",0.796086954120834
"nh_black",0.796282967450051
"asian",0.830236252711927
"hispanic",0.928581599660068
"other",0.47280408708423
