"cohort","avg_est_outcome"
"nh_white",9.40342104025731
"nh_black",9.10870817626972
"asian",8.4423252238758
"hispanic",6.51189209556523
"other",8.85514531512729
