"cohort","positive_likelihood_ratio"
"nh_white",2.05275064209139
"nh_black",4.36634248389673
"asian",53.7928466796448
"hispanic",26.7957440592064
"other",4.40098742212305
