"cohort","avg_prob"
"nh_white",0.766603700383834
"nh_black",0.238335613593093
"asian",0.508605693187109
"hispanic",0.776801931012221
"other",0.0622078432640243
