"cohort","specificity"
"nh_white",0.538669927119294
"nh_black",0.979853773693016
"asian",0.989514242170563
"hispanic",0.96854391160441
"other",0.998493557554649
