"cohort","white_rate"
"nh_white",0.946995603321935
"nh_black",0.9014958354581
"asian",0.291595490263068
"hispanic",0.145536384096024
"other",0.775874769797422
